Threshold Distribution,Alpha,Average Influence
Truncated Normal,0.000,"[40.0, 72.0, 102.0, 130.0, 145.0, 159.0, 173.0, 184.0, 190.0, 197.0, 201.0, 207.0, 213.0, 217.0, 223.0, 225.0, 227.0, 233.0, 235.0, 237.0, 240.0, 243.0, 246.0, 251.0, 254.0, 256.0, 259.0, 261.0, 263.0, 265.0, 269.0, 271.0, 275.0, 279.0, 281.0, 284.0, 287.0, 290.0, 293.0, 295.0, 297.0, 300.0, 302.0, 304.0, 306.0, 315.0, 324.0, 328.0, 330.0, 333.0, 335.0, 339.0, 344.0, 353.0, 364.0, 366.0, 370.0, 505.0, 507.0, 510.0, 512.0]"
Truncated Normal,0.001,"[40.0, 72.0, 102.0, 130.0, 145.0, 159.0, 173.0, 184.0, 190.0, 197.0, 201.0, 207.0, 213.0, 217.0, 223.0, 225.0, 227.0, 233.0, 235.0, 237.0, 240.0, 243.0, 246.0, 251.0, 254.0, 256.0, 259.0, 261.0, 263.0, 265.0, 269.0, 271.0, 275.0, 279.0, 281.0, 284.0, 287.0, 290.0, 293.0, 295.0, 297.0, 300.0, 302.0, 304.0, 306.0, 315.0, 326.0, 330.0, 332.0, 334.0, 336.0, 338.0, 345.0, 353.0, 362.0, 365.0, 369.0, 507.0, 509.0, 512.0, 514.0]"
Truncated Normal,0.005,"[40.0, 72.0, 102.0, 131.0, 146.0, 160.0, 174.0, 185.0, 191.0, 198.0, 202.0, 208.0, 214.0, 218.0, 224.0, 226.0, 228.0, 234.0, 236.0, 238.0, 241.0, 244.0, 247.0, 252.0, 255.0, 257.0, 260.0, 262.0, 264.0, 266.0, 270.0, 272.0, 276.0, 280.0, 282.0, 285.0, 288.0, 291.0, 294.0, 296.0, 298.0, 301.0, 303.0, 305.0, 307.0, 316.0, 327.0, 331.0, 333.0, 335.0, 337.0, 339.0, 346.0, 354.0, 363.0, 518.0, 520.0, 523.0, 525.0, 527.0, 539.0]"
Low-Threshold Beta,0.000,"[2143.0, 2897.0, 3444.0, 3777.0, 3982.0, 4039.0]"
Low-Threshold Beta,0.001,"[2146.0, 2897.0, 3444.0, 3777.0, 3982.0, 4039.0]"
Low-Threshold Beta,0.005,"[2693.0, 3444.0, 3777.0, 3982.0, 4039.0]"
High-Threshold Beta,0.000,"[21.0, 38.0, 53.0, 63.0, 72.0, 80.0, 87.0, 93.0, 97.0, 101.0, 106.0, 108.0, 109.0, 110.0, 111.0, 112.0, 114.0, 115.0, 116.0, 117.0, 118.0, 119.0, 120.0, 121.0, 122.0, 123.0, 125.0, 126.0, 128.0, 129.0, 134.0, 135.0, 136.0, 138.0, 139.0, 140.0, 142.0, 143.0, 144.0, 147.0, 149.0, 150.0, 151.0, 152.0, 153.0, 154.0, 155.0, 158.0, 159.0, 160.0, 161.0, 162.0, 163.0, 164.0, 165.0, 166.0, 167.0, 168.0, 169.0, 170.0, 172.0]"
High-Threshold Beta,0.001,"[21.0, 38.0, 53.0, 63.0, 72.0, 80.0, 87.0, 93.0, 97.0, 101.0, 106.0, 108.0, 109.0, 110.0, 111.0, 112.0, 114.0, 115.0, 116.0, 117.0, 118.0, 119.0, 120.0, 121.0, 122.0, 123.0, 125.0, 126.0, 128.0, 129.0, 134.0, 135.0, 136.0, 138.0, 139.0, 140.0, 142.0, 143.0, 144.0, 147.0, 149.0, 150.0, 151.0, 152.0, 153.0, 154.0, 155.0, 158.0, 159.0, 160.0, 161.0, 162.0, 163.0, 164.0, 165.0, 166.0, 167.0, 168.0, 169.0, 170.0, 172.0]"
High-Threshold Beta,0.005,"[21.0, 38.0, 53.0, 63.0, 72.0, 80.0, 87.0, 93.0, 97.0, 101.0, 106.0, 108.0, 109.0, 110.0, 111.0, 112.0, 114.0, 115.0, 116.0, 117.0, 118.0, 119.0, 120.0, 121.0, 122.0, 123.0, 125.0, 126.0, 128.0, 129.0, 134.0, 135.0, 136.0, 138.0, 139.0, 140.0, 142.0, 143.0, 144.0, 147.0, 149.0, 150.0, 151.0, 152.0, 153.0, 154.0, 155.0, 158.0, 159.0, 160.0, 161.0, 162.0, 163.0, 164.0, 165.0, 166.0, 167.0, 168.0, 169.0, 170.0, 172.0]"
